,author,text,line,expected,result
0,apollonius,argonautica,οἱ δ οἶνον κρητῆρσι κέρων πονέοντο τε δαῖταἘκβασίῳ ῥέξαντες ὑπὸ κνέφας Ἀπόλλωνι,0,0
1,apollonius,argonautica,καί ῥ ἡ μέν ἀναβλύεσκε γάλακτιἡ δ οἴνῳ τριτάτη δὲ θυώδεϊ νᾶεν ἀλοιφῇ,0,0
2,apollonius,argonautica,τοῦ δὲ καὶ ἀμβροσίη ὀδμὴ πέλεν ἐξέτι κείνουἐξ οὗ ἄναξ αὐτὸς Νυσήιος ἐγκατελεκτοἀκροχάλιξ οἴνῳ καὶ νέκταρι καλὰ μεμαρπὼςστήθεα παρθενικῆς Μινωίδος ἥν ποτε ΘησεὺςΚνωσσόθεν ἑσπομένην Δίῃ ἔνι κάλλιπε νήσῳ,0,0
3,callimachus,hymn,εἴκατι δαῖτα πένοντο δυώδεκα δ οἶνον ἄφυσσον,0,0
4,herodotus,histories,οὔτε τι γὰρ τῶν οἰκηίων τρίβουσι οὔτε δαπανῶνται ἀλλὰ καὶ σιτία σφι ἐστὶ ἱρὰ πεσσόμενα καὶ κρεῶν βοέων καὶ χηνέων πλῆθός τι ἑκάστῳ γίνεται πολλὸν ἡμέρης ἑκάστης δίδοται δέ σφι καὶ οἶνος ἀμπέλινος,1,1
5,herodotus,histories,ἀγαγόντες τὸ σεσημασμένον κτῆνος πρὸς τὸν βωμὸν ὅκου ἂν θύωσι πῦρ ἀνακαίουσι ἔπειτα δὲ ἐπ αὐτοῦ οἶνον κατὰ τοῦ ἱρηίου ἐπισπείσαντες καὶ ἐπικαλέσαντες τὸν θεὸν σφάζουσι σφάξαντες δὲ ἀποτάμνουσι τὴν κεφαλήν,1,1
6,herodotus,histories,κατὰ μέν νυν τὰς κεφαλὰς τῶν θυομένων κτηνέων καὶ τὴν ἐπίσπεισιν τοῦ οἴνου πάντες Αἰγύπτιοι νόμοισι τοῖσι αὐτοῖσι χρέωνται ὁμοίως ἐς πάντα τὰ ἱρά καὶ ἀπὸ τούτου τοῦ νόμου οὐδὲ ἄλλου οὐδενὸς ἐμψύχου κεφαλῆς γεύσεται Αἰγυπτίων οὐδείς,1,1
7,herodotus,histories,ἐπεὰν δὲ ἀπίκωνται ἐς τὴν Βούβαστιν ὁρτάζουσι μεγάλας ἀνάγοντες θυσίας καὶ οἶνος ἀμπέλινος ἀναισιμοῦται πλέων ἐν τῇ ὁρτῇ ταύτῃ ἢ ἐν τῷ ἅπαντι ἐνιαυτῷ τῷ ἐπιλοίπῳ,1,1
8,herodotus,histories,οἴνῳ δὲ ἐκ κριθέων πεποιημένῳ διαχρέωνται,1,1
9,herodotus,histories,μετὰ δὲ λίθῳ Αἰθιοπικῷ ὀξέι παρασχίσαντες παρὰ τὴν λαπάρην ἐξ ὦν εἷλον τὴν κοιλίην πᾶσαν ἐκκαθήραντες δὲ αὐτὴν καὶ διηθήσαντες οἴνῳ φοινικηίῳ αὖτις διηθέουσι θυμιήμασι τετριμμένοισι,1,1
10,herodotus,histories,ὄνους κατασκευασάμενον καὶ ἀσκοὺς πλήσαντα οἴνου ἐπιθεῖναι ἐπὶ τῶν ὄνων καὶ ἔπειτα ἐλαύνειν αὐτούς,1,1
11,herodotus,histories,ὡς δὲ ἔρρεε ὁ οἶνος τὴν κεφαλήν μιν κόπτεσθαι μεγάλα βοῶντα ὡς οὐκ ἔχοντα πρὸς ὁκοῖον τῶν ὄνων πρῶτον τράπηται,1,1
12,herodotus,histories,τοὺς δὲ φυλάκους ὡς ἰδεῖν πολλὸν ῥέοντα τὸν οἶνον συντρέχειν ἐς τὴν ὁδὸν ἀγγήια ἔχοντας καὶ τὸν ἐκκεχυμένον οἶνον συγκομίζειν ἐν κέρδεϊ ποιευμένους,1,1
13,herodotus,histories,τούτοισι ὦν τάδε πάρεξ τῶν ἀρουρέων ἄλλα ἐδίδοτο ἐπ ἡμέρῃ ἑκάστῃ ὀπτοῦ σίτου σταθμὸς πέντε μνέαι ἑκάστῳ κρεῶν βοέων δύο μνέαι οἴνου τέσσερες ἀρυστῆρες,1,1
14,herodotus,histories,ἐς Αἴγυπτον ἐκ τῆς Ἑλλάδος πάσης καὶ πρὸς ἐκ Φοινίκης κέραμος ἐσάγεται πλήρης οἴνου δὶς τοῦ ἔτεος ἑκάστου καὶ ἓν κεράμιον οἰνηρὸν ἀριθμῷ κεινὸν οὐκ ἔστι ὡς λόγῳ εἰπεῖν ἰδέσθαι,1,1
15,herodotus,histories,ἐπείτε δὲ τῷ Καμβύσῃ ἐκ τῆς Ἐλεφαντίνης ἀπίκοντο οἱ Ἰχθυοφάγοι ἔπεμπε αὐτοὺς ἐς τοὺς Αἰθίοπας ἐντειλάμενος τὰ λέγειν χρῆν καὶ δῶρα φέροντας πορφύρεόν τε εἷμα καὶ χρύσεον στρεπτὸν περιαυχένιον καὶ ψέλια καὶ μύρου ἀλάβαστρον καὶ φοινικηίου οἴνου κάδον,1,1
16,herodotus,histories,ὡς δὲ ἐς τὸν οἶνον ἀπίκετο καὶ ἐπύθετο αὐτοῦ τὴν ποίησιν ὑπερησθεὶς τῷ πόματι ἐπείρετο ὅ τι τε σιτέεται ὁ βασιλεὺς καὶ χρόνον ὁκόσον μακρότατον ἀνὴρ Πέρσης ζώει,1,1
17,herodotus,histories,οὐδὲ γὰρ ἂν τοσαῦτα δύνασθαι ζώειν σφέας εἰ μὴ τῷ πόματι ἀνέφερον φράζων τοῖσι Ἰχθυοφάγοισι τὸν οἶνον,1,1
18,herodotus,histories,νῦν ἄρα με φασὶ Πέρσαι οἴνῳ προσκείμενον παραφρονέειν καὶ οὐκ εἶναι νοήμονα,1,1
19,herodotus,histories,ἐπεὰν γὰρ οἶνον ἐπισπείσωσι κατὰ τῶν κεφαλέων ἀποσφάζουσι τοὺς ἀνθρώπους ἐς ἄγγος καὶ ἔπειτα ἀνενείκαντες ἄνω ἐπὶ τὸν ὄγκον τῶν φρυγάνων καταχέουσι τὸ αἷμα τοῦ ἀκινάκεω,1,1
20,herodotus,histories,ἅπαξ δὲ τοῦ ἐνιαυτοῦ ἑκάστου ὁ νομάρχης ἕκαστος ἐν τῷ ἑωυτοῦ νομῷ κιρνᾷ κρητῆρα οἴνου ἀπ οὗ πίνουσι τῶν Σκυθέων τοῖσι ἂν ἄνδρες πολέμιοι ἀραιρημένοι ἔωσι,1,1
21,herodotus,histories,τοῖσι δ ἂν μὴ κατεργασμένον ᾖ τοῦτο οὐ γεύονται τοῦ οἴνου τούτου ἀλλ ἠτιμωμένοι ἀποκατέαται,1,1
22,herodotus,histories,ἐς κύλικα μεγάλην κεραμίνην οἶνον ἐγχέαντες αἷμα συμμίσγουσι τῶν τὸ ὅρκιον ταμνομένων τύψαντες ὑπέατι ἡ ἐπιταμόντες μαχαίρῃ σμικρὸν τοῦ σώματος καὶ ἔπειτα ἀποβάψαντες ἐς τὴν κύλικα ἀκινάκην καὶ ὀιστοὺς καὶ σάγαριν καὶ ἀκόντιον,1,1
23,herodotus,histories,ποιεῦνται δὲ ἐκ τοῦ καρποῦ τούτου οἱ Λωτοφάγοι καὶ οἶνον,1,1
24,herodotus,histories,νεομηνίας δὲ πάσας καὶ ἑβδόμας ἱσταμένου τοῦ μηνὸς δίδοσθαι ἐκ τοῦ δημοσίου ἱρήιον τέλεον ἑκατέρῳ ἐς Ἀπόλλωνος καὶ μέδιμνον ἀλφίτων καὶ οἴνου τετάρτην Λακωνικήν καὶ ἐν τοῖσι ἀγῶσι πᾶσι προεδρίας ἐξαιρέτους,1,1
25,herodotus,histories,μὴ ἐλθοῦσι δὲ τοῖσι βασιλεῦσι ἐπὶ τὸ δεῖπνον ἀποπέμπεσθαί σφι ἐς τὰ οἰκία ἀλφίτων τε δύο χοίνικας ἑκατέρῳ καὶ οἴνου κοτύλην παρεοῦσι δὲ διπλήσια πάντα δίδοσθαι,1,1
26,hesiod,worksanddays,ἦμος δὲ σκόλυμός τ ἀνθεῖ καὶ ἠχέτα τέττιξδενδρέῳ ἐφεζόμενος λιγυρὴν καταχεύετ ἀοιδὴνπυκνὸν ὑπὸ πτερύγων θέρεος καματώδεος ὥρῃτῆμος πιόταταί τ αἶγες καὶ οἶνος ἄριστοςμαχλόταται δὲ γυναῖκες ἀφαυρότατοι δέ τοι ἄνδρεςεἰσίν ἐπεὶ κεφαλὴν καὶ γούνατα Σείριος ἄζειαὐαλέος δέ τε χρὼς ὑπὸ καύματος,0,0
27,hesiod,worksanddays,ἐπὶ δ αἴθοπα πινέμεν οἶνονἐν σκιῇ ἑζόμενον κεκορημένον ἦτορ ἐδωδῆςἀντίον ἀκραέος Ζεφύρου τρέψαντα πρόσωπακρήνης τ αἰενάου καὶ ἀπορρύτου ἥτ ἀθόλωτοςτρὶς ὕδατος προχέειν τὸ δὲ τέτρατον ἱέμεν οἴνου,0,0
28,homer,hymn,οὐ γὰρ θεμιτόν οἱ ἔφασκεπίνειν οἶνον ἐρυθρόν,0,1
29,homer,iliad,κήρυκες δ ἀνὰ ἄστυ θεῶν φέρον ὅρκια πιστὰἄρνε δύω καὶ οἶνον ἐΰφρονα καρπὸν ἀρούρηςἀσκῷ ἐν αἰγείῳ,0,0
30,homer,iliad,οἶνον δ ἐκ κρητῆρος ἀφυσσόμενοι δεπάεσσινἔκχεον ἠδ εὔχοντο θεοῖς αἰειγενέτῃσιν,0,0
31,homer,iliad,ἀλλὰ μέν ὄφρά κέ τοι μελιηδέα οἶνον ἐνείκωὡς σπείσῃς Διὶ πατρὶ καὶ ἄλλοις ἀθανάτοισιπρῶτον ἔπειτα δὲ καὐτὸς ὀνήσεαι αἴ κε πίῃσθα,0,0
32,homer,iliad,ἀνδρὶ δὲ κεκμηῶτι μένος μέγα οἶνος ἀέξειὡς τύνη κέκμηκας ἀμύνων σοῖσιν ἔτῃσι,0,0
33,homer,iliad,μή μοι οἶνον ἄειρε μελίφρονα πότνια μῆτερμή μ ἀπογυιώσῃς μένεος ἀλκῆς τε λάθωμαι,0,0
34,homer,iliad,νῆες δ ἐκ Λήμνοιο παρέσταν οἶνον ἄγουσαιπολλαί τὰς προέηκεν Ἰησονίδης Εὔνηοςτόν ῥ ἔτεχ Ὑψιπύλη ὑπ Ἰήσονι ποιμένι λαῶν,0,0
35,homer,iliad,οἶνον δ ἐκ δεπάων χαμάδις χέον οὐδέ τις ἔτληπρὶν πιέειν πρὶν λεῖψαι ὑπερμενέϊ Κρονίωνι,0,0
36,homer,iliad,ἐκ πόλιος δ ἄξεσθε βόας καὶ ἴφια μῆλακαρπαλίμως οἶνον δὲ μελίφρονα οἰνίζεσθεσῖτόν τ ἐκ μεγάρων ἐπὶ δὲ ξύλα πολλὰ λέγεσθεὥς κεν παννύχιοι μέσφ ἠοῦς ἠριγενείηςκαίωμεν πυρὰ πολλά σέλας δ εἰς οὐρανὸν ἵκῃμή πως καὶ διὰ νύκτα κάρη κομόωντες Ἀχαιοὶφεύγειν ὁρμήσωνται ἐπ εὐρέα νῶτα θαλάσσης,0,0
37,homer,iliad,ἐκ πόλιος δ ἄξοντο βόας καὶ ἴφια μῆλακαρπαλίμως οἶνον δὲ μελίφρονα οἰνίζοντοσῖτόν τ ἐκ μεγάρων ἐπὶ δὲ ξύλα πολλὰ λέγοντο,0,0
38,homer,iliad,πλεῖαί τοι οἴνου κλισίαι τὸν νῆες Ἀχαιῶνἠμάτιαι Θρῄκηθεν ἐπ εὐρέα πόντον ἄγουσι,0,0
39,homer,iliad,νόησε δὲ δῖος Ὀδυσσεύςπλησάμενος δ οἴνοιο δέπας δείδεκτ Ἀχιλῆα,0,0
40,homer,iliad,καί σε τοσοῦτον ἔθηκα θεοῖς ἐπιείκελ Ἀχιλλεῦἐκ θυμοῦ φιλέων ἐπεὶ οὐκ ἐθέλεσκες ἅμ ἄλλῳοὔτ ἐς δαῖτ ἰέναι οὔτ ἐν μεγάροισι πάσασθαιπρίν γ ὅτε δή σ ἐπ ἐμοῖσιν ἐγὼ γούνεσσι καθίσσαςὄψου τ ἄσαιμι προταμὼν καὶ οἶνον ἐπισχών,0,0
41,homer,iliad,νῦν μὲν κοιμήσασθε τεταρπόμενοι φίλον ἦτορσίτου καὶ οἴνοιο,0,1
42,homer,iliad,τὼ δὲ λοεσσαμένω καὶ ἀλειψαμένω λίπ ἐλαίῳδείπνῳ ἐφιζανέτην ἀπὸ δὲ κρητῆρος Ἀθήνῃπλείου ἀφυσσόμενοι λεῖβον μελιηδέα οἶνον,0,0
43,homer,iliad,ἔχε δὲ χρύσειον ἄλεισονσπένδων αἴθοπα οἶνον ἐπ αἰθομένοις ἱεροῖσι,0,0
44,homer,iliad,τό ῥα τότ ἐκ χηλοῖο λαβὼν ἐκάθηρε θεείῳπρῶτον ἔπειτα δ ἔνιψ ὕδατος καλῇσι ῥοῇσινίψατο δ αὐτὸς χεῖρας ἀφύσσατο δ αἴθοπα οἶνον,0,0
45,homer,iliad,ἀλλὰ πάσασθαι ἄνωχθι θοῇς ἐπὶ νηυσὶν Ἀχαιοὺςσίτου καὶ οἴνοιο,0,0
46,homer,iliad,ὃς δέ κ ἀνὴρ οἴνοιο κορεσσάμενος καὶ ἐδωδῆςἀνδράσι δυσμενέεσσι πανημέριος πολεμίζῃθαρσαλέον νύ οἱ ἦτορ ἐνὶ φρεσίν οὐδέ τι γυῖαπρὶν κάμνει πρὶν πάντας ἐρωῆσαι πολέμοιο,0,0
47,homer,odyssey,κήρυκες δ αὐτοῖσι καὶ ὀτρηροὶ θεράποντεςοἱ μὲν οἶνον ἔμισγον ἐνὶ κρητῆρσι καὶ ὕδωροἱ δ αὖτε σπόγγοισι πολυτρήτοισι τραπέζαςνίζον καὶ πρότιθεν τοὶ δὲ κρέα πολλὰ δατεῦντο,0,0
48,homer,odyssey,ἐν δὲ πίθοι οἴνοιο παλαιοῦ ἡδυπότοιοἕστασαν ἄκρητον θεῖον ποτὸν ἐντὸς ἔχοντεςἑξείης ποτὶ τοῖχον ἀρηρότες εἴ ποτ Ὀδυσσεὺςοἴκαδε νοστήσειε καὶ ἄλγεα πολλὰ μογήσας,0,0
49,homer,odyssey,μαῖ ἄγε δή μοι οἶνον ἐν ἀμφιφορεῦσιν ἄφυσσονἡδύν ὅτις μετὰ τὸν λαρώτατος ὃν σὺ φυλάσσειςκεῖνον ὀιομένη τὸν κάμμορον εἴ ποθεν ἔλθοιδιογενὴς Ὀδυσεὺς θάνατον καὶ κῆρας ἀλύξας,0,0
50,homer,odyssey,αὐτὰρ ἐπεί ῥ ὄμοσέν τε τελεύτησέν τε τὸν ὅρκοναὐτίκ ἔπειτά οἱ οἶνον ἐν ἀμφιφορεῦσιν ἄφυσσενἐν δέ οἱ ἄλφιτα χεῦεν ἐϋρραφέεσσι δοροῖσι,0,0
51,homer,odyssey,δῶκε δ ἄρα σπλάγχνων μοίρας ἐν δ οἶνον ἔχευενχρυσείῳ δέπαϊ,0,0
52,homer,odyssey,ὣς εἰπὼν ἐν χειρὶ τίθει δέπας ἡδέος οἴνου,0,0
53,homer,odyssey,τὼ δὲ καλεσσαμένω ἀγορὴν ἐς πάντας Ἀχαιούςμάψ ἀτὰρ οὐ κατὰ κόσμον ἐς ἠέλιον καταδύνταοἱ ἦλθον οἴνῳ βεβαρηότες υἷες Ἀχαιῶνμῦθον μυθείσθην τοῦ εἵνεκα λαὸν ἄγειραν,0,0
54,homer,odyssey,ἐν δὲ γυνὴ ταμίη σῖτον καὶ οἶνον ἔθηκενὄψα τε οἷα ἔδουσι διοτρεφέες βασιλῆες,0,0
55,homer,odyssey,αὐτίκ ἄρ εἰς οἶνον βάλε φάρμακον ἔνθεν ἔπινοννηπενθές τ ἄχολόν τε κακῶν ἐπίληθον ἁπάντων,0,0
56,homer,odyssey,οἱ δ ἦγον μὲν μῆλα φέρον δ ἐυήνορα οἶνον,0,0
57,homer,odyssey,αὐτὰρ ἐγὼ σῖτον καὶ ὕδωρ καὶ οἶνον ἐρυθρὸνἐνθήσω μενοεικέ ἅ κέν τοι λιμὸν ἐρύκοιεἵματά τ ἀμφιέσω,0,0
58,homer,odyssey,καὶ τὴν μὲν κατέθηκεν ἐυξέστῳ ἐπ ἀπήνῃμήτηρ δ ἐν κίστῃ ἐτίθει μενοεικέ ἐδωδὴνπαντοίην ἐν δ ὄψα τίθει ἐν δ οἶνον ἔχευενἀσκῷ ἐν αἰγείῳ,0,1
59,homer,odyssey,ὣς φάτο Ποντόνοος δὲ μελίφρονα οἶνον ἐκίρνανώμησεν δ ἄρα πᾶσιν ἐπαρξάμενος δεπάεσσιν,0,0
60,homer,odyssey,πὰρ δ ἐτίθει κάνεον καλήν τε τράπεζανπὰρ δὲ δέπας οἴνοιο πιεῖν ὅτε θυμὸς ἀνώγοι,0,0
61,homer,odyssey,οἱ δ ἤδη μοίρας τ ἔνεμον κερόωντό τε οἶνον,0,1
62,homer,odyssey,οὐ γάρ πω νηῶν ἐξέφθιτο οἶνος ἐρυθρόςἀλλ ἐνέην,0,0
63,homer,odyssey,τὸν δ ὅτε πίνοιεν μελιηδέα οἶνον ἐρυθρόνἓν δέπας ἐμπλήσας ὕδατος ἀνὰ εἴκοσι μέτραχεῦ ὀδμὴ δ ἡδεῖα ἀπὸ κρητῆρος ὀδώδειθεσπεσίη,0,0
64,homer,odyssey,καὶ τότ ἐγὼ Κύκλωπα προσηύδων ἄγχι παραστάςκισσύβιον μετὰ χερσὶν ἔχων μέλανος οἴνοιο,0,0
65,homer,odyssey,Κύκλωψ τῆ πίε οἶνον ἐπεὶ φάγες ἀνδρόμεα κρέαὄφρ εἰδῇς οἷόν τι ποτὸν τόδε νηῦς ἐκεκεύθειἡμετέρη,0,0
66,homer,odyssey,ὣς φάτ ἀτάρ οἱ αὖτις ἐγὼ πόρον αἴθοπα οἶνον,0,0
67,homer,odyssey,νῦν δέ μ ἐὼν ὀλίγος τε καὶ οὐτιδανὸς καὶ ἄκικυςὀφθαλμοῦ ἀλάωσεν ἐπεί μ ἐδαμάσσατο οἴνῳ,0,0
68,homer,odyssey,ἡ δὲ τρίτη κρητῆρι μελίφρονα οἶνον ἐκίρναἡδὺν ἐν ἀργυρέῳ νέμε δὲ χρύσεια κύπελλα,0,0
69,homer,odyssey,διογενὲς Λαερτιάδη πολυμήχαν Ὀδυσσεῦἆσέ με δαίμονος αἶσα κακὴ καὶ ἀθέσφατος οἶνος,0,0
70,homer,odyssey,ἅμα δ ἀμφίπολοι φέρον αὐτῇσῖτον καὶ κρέα πολλὰ καὶ αἴθοπα οἶνον ἐρυθρόν,0,0
71,homer,odyssey,οἱ δ ἧος μὲν σῖτον ἔχον καὶ οἶνον ἐρυθρόντόφρα βοῶν ἀπέχοντο λιλαιόμενοι βιότοιο,0,0
72,homer,odyssey,ὣς φάτο Ποντόνοος δὲ μελίφρονα οἶνον ἐκίρνανώμησεν δ ἄρα πᾶσιν ἐπισταδόν,0,0
73,homer,odyssey,ἡ δ ἄλλη σῖτόν τ ἔφερεν καὶ οἶνον ἐρυθρόν,0,1
74,homer,odyssey,ἀλλ ἕπεο κλισίηνδ ἴομεν γέρον ὄφρα καὶ αὐτόςσίτου καὶ οἴνοιο κορεσσάμενος κατὰ θυμόνεἴπῃς ὁππόθεν ἐσσὶ καὶ ὁππόσα κήδε ἀνέτλης,0,0
75,homer,odyssey,οἶνον δὲ φθινύθουσιν ὑπέρβιον ἐξαφύοντες,0,0
76,homer,odyssey,ἦ ῥα καὶ ἄργματα θῦσε θεοῖς αἰειγενέτῃσισπείσας δ αἴθοπα οἶνον Ὀδυσσῆϊ πτολιπόρθῳἐν χείρεσσιν ἔθηκεν,0,0
77,homer,odyssey,οἶνος γὰρ ἀνώγειἠλεός ὅς τ ἐφέηκε πολύφρονά περ μάλ ἀεῖσαικαί θ ἁπαλὸν γελάσαι καί τ ὀρχήσασθαι ἀνῆκεκαί τι ἔπος προέηκεν ὅ περ τ ἄρρητον ἄμεινον,0,0
78,homer,odyssey,ἐΰξεστοι δὲ τράπεζαισίτου καὶ κρειῶν ἠδ οἴνου βεβρίθασιν,0,0
79,homer,odyssey,ἐκ δὲ καὶ αὐτοὶ βαῖνον ἐπὶ ῥηγμῖνι θαλάσσηςδεῖπνόν τ ἐντύνοντο κερῶντό τε αἴθοπα οἶνον,0,0
80,homer,odyssey,ἠῶθεν δέ κεν ὔμμιν ὁδοιπόριον παραθείμηνδαῖτ ἀγαθὴν κρειῶν τε καὶ οἴνου ἡδυπότοιο,0,0
81,homer,odyssey,ταφὼν δ ἀνόρουσε συβώτηςἐκ δ ἄρα οἱ χειρῶν πέσον ἄγγεα τοῖς ἐπονεῖτοκιρνὰς αἴθοπα οἶνον,0,0
82,homer,odyssey,τοῖσιν δ αὖ κρειῶν πίνακας παρέθηκε συβώτηςὀπταλέων ἅ ῥα τῇ προτέρῃ ὑπέλειπον ἔδοντεςσῖτον δ ἐσσυμένως παρενήνεεν ἐν κανέοισινἐν δ ἄρα κισσυβίῳ κίρνη μελιηδέα οἶνον,0,0
83,homer,odyssey,εἰ δ αὖ με πληθυῖ δαμασαίατο μοῦνον ἐόνταβουλοίμην κ ἐν ἐμοῖσι κατακτάμενος μεγάροισιτεθνάμεν ἢ τάδε γ αἰὲν ἀεικέα ἔργ ὁράασθαιξείνους τε στυφελιζομένους δμῳάς τε γυναῖκαςῥυστάζοντας ἀεικελίως κατὰ δώματα καλάκαὶ οἶνον διαφυσσόμενον καὶ σῖτον ἔδονταςμὰψ αὔτως ἀτέλεστον ἀνηνύστῳ ἐπὶ ἔργῳ,0,0
84,homer,odyssey,αἶψά οἱ αἷμα κελαινὸν ἐρωήσει περὶ δουρὶἡμετέρῳ ἐπεὶ ἦ καὶ ἐμὲ πτολίπορθος Ὀδυσσεὺςπολλάκι γούνασιν οἷσιν ἐφεσσάμενος κρέας ὀπτὸνἐν χείρεσσιν ἔθηκεν ἐπέσχε τε οἶνον ἐρυθρόν,0,0
85,homer,odyssey,ἦ ῥά σε οἶνος ἔχει φρένας ἤ νύ τοι αἰεὶτοιοῦτος νόος ἐστίν,0,0
86,homer,odyssey,ἦ ῥά σε οἶνος ἔχει φρένας ἤ νύ τοι αἰεὶτοιοῦτος νόος ἐστίν,0,0
87,homer,odyssey,οἱ δὲ θεοῖσισπείσαντες μακάρεσσι πίον μελιηδέα οἶνον,0,0
88,homer,odyssey,μή τίς μοι δμῳῶν νεμεσήσεται ἠὲ σύ γ αὐτήφῇ δὲ δακρυπλώειν βεβαρηότα με φρένας οἴνῳ,0,0
89,homer,odyssey,καί οἱ τοῖς ἄλλοις ἑτάροις οἳ ἅμ αὐτῷ ἕποντοδημόθεν ἄλφιτα δῶκα καὶ αἴθοπα οἶνον ἀγείραςκαὶ βοῦς ἱρεύσασθαι ἵνα πλησαίατο θυμόν,0,0
90,homer,odyssey,τῇσι τοκῆας μὲν φθῖσαν θεοί αἱ δ ἐλίποντοὀρφαναὶ ἐν μεγάροισι κόμισσε δὲ δῖ Ἀφροδίτητυρῷ καὶ μέλιτι γλυκερῷ καὶ ἡδέϊ οἴνῳ,0,0
91,homer,odyssey,οἶνον μὲν γὰρ πῖνε καθήμενος ὄφρ ἔθελ αὐτόςσίτου δ οὐκέτ ἔφη πεινήμεναι,0,0
92,homer,odyssey,πὰρ δ ἐτίθει σπλάγχνων μοίρας ἐν δ οἶνον ἔχευενἐν δέπαϊ χρυσέῳ καί μιν πρὸς μῦθον ἔειπεν,0,0
93,homer,odyssey,οἷον μέν τινα τοῦτον ἔχεις ἐπίμαστον ἀλήτηνσίτου καὶ οἴνου κεχρημένον οὐδέ τι ἔργωνἔμπαιον οὐδὲ βίης ἀλλ αὔτως ἄχθος ἀρούρης,0,0
94,homer,odyssey,οἶνος καὶ Κένταυρον ἀγακλυτὸν Εὐρυτίωναἄασ ἐνὶ μεγάρῳ μεγαθύμου Πειριθόοιοἐς Λαπίθας ἐλθόνθ,0,0
95,homer,odyssey,ἦ τοι ὁ καλὸν ἄλεισον ἀναιρήσεσθαι ἔμελλεχρύσεον ἄμφωτον καὶ δὴ μετὰ χερσὶν ἐνώμαὄφρα πίοι οἴνοιο,0,0
96,homer,odyssey,τὼ δ ἐπεὶ οὖν φιλότητος ἐταρπήτην ἐρατεινῆςτερπέσθην μύθοισι πρὸς ἀλλήλους ἐνέποντεἡ μὲν ὅσ ἐν μεγάροισιν ἀνέσχετο δῖα γυναικῶνἀνδρῶν μνηστήρων ἐσορῶσ ἀΐδηλον ὅμιλονοἳ ἕθεν εἵνεκα πολλά βόας καὶ ἴφια μῆλαἔσφαζον πολλὸς δὲ πίθων ἠφύσσετο οἶνος,0,0
97,homer,odyssey,οἱ δ ὅτε δή ῥ ἵκοντο δόμους εὖ ναιετάονταςεὗρον Τηλέμαχον καὶ βουκόλον ἠδὲ συβώτηνταμνομένους κρέα πολλὰ κερῶντάς τ αἴθοπα οἶνον,0,0
98,pindar,odes,ἔγειρ ἐπέων σφιν οἶμον λιγύναἴνει δὲ παλαιὸν μὲν οἶνον ἄνθεα δ ὕμνωννεωτέρων,0,0
99,polybius,histories,σίτου τε γὰρ τοσαύτην ἀφθονίαν ὑπάρχειν συμβαίνει κατὰ τοὺς τόπους ὥστ ἐν τοῖς καθ ἡμᾶς καιροῖς πολλάκις τεττάρων ὀβολῶν εἶναι τῶν πυρῶν τὸν Σικελικὸν μέδιμνον τῶν δὲ κριθῶν δυεῖν τοῦ δ οἴνου τὸν μετρητὴν ἰσόκριθον,1,1
100,polybius,histories,καθάπερ γὰρ ἐπὶ τῶν κατ ἄνδρα καὶ ζυγὸν ἀγωνισμάτων δεῖ τὸν μέλλοντα νικᾶν συνθεωρεῖν πῶς δυνατὸν ἐφικέσθαι τοῦ σκοποῦ καὶ τί γυμνὸν ἢ ποῖον ἔξοπλον μέρος φαίνεται τῶν ἀνταγωνιστῶν  οὕτως χρὴ καὶ τοὺς ὑπὲρ τῶν ὅλων προεστῶτας σκοπεῖν οὐχ ὅπου τι τοῦ σώματος γυμνόν ἀλλὰ ποῦ τῆς ψυχῆς εὐχείρωτόν τι παραφαίνεται τοῦ τῶν ἐναντίων ἡγεμόνος  ἐπειδὴ πολλοὶ μὲν διὰ ῥᾳθυμίαν καὶ τὴν σύμπασαν ἀργίαν οὐ μόνον τὰς κοινὰς πράξεις ἀλλὰ καὶ τοὺς ἰδίους καταπροΐενται βίους ἄρδην  πολλοὶ δὲ διὰ τὴν πρὸς τὸν οἶνον ἐπιθυμίαν οὐδ ὑπνῶσαι δύνανται χωρὶς ἀλλοιώσεως καὶ μέθης  ἔνιοι δὲ διὰ τὰς τῶν ἀφροδισίων ὁρμὰς καὶ τὴν ἐν τούτοις ἔκπληξιν οὐ μόνον πόλεις καὶ βίους ἀναστάτους πεποιήκασιν ἀλλὰ καὶ τὸ ζῆν αὑτῶν ἀφῄρηνται μετ αἰσχύνης,1,1
101,polybius,histories,Ἀννίβας δὲ κατὰ βραχὺ μεταθεὶς τὴν παρεμβολὴν ἐνδιέτριβε τῇ παρὰ τὸν Ἀδρίαν χώρᾳ καὶ τοὺς μὲν ἵππους ἐκλούων τοῖς παλαιοῖς οἴνοις διὰ τὸ πλῆθος ἐξεθεράπευσε τὴν καχεξίαν αὐτῶν καὶ τὴν ψώραν  παραπλησίως δὲ καὶ τῶν ἀνδρῶν τοὺς μὲν τραυματίας ἐξυγίασε τοὺς δὲ λοιποὺς εὐέκτας παρεσκεύασε καὶ προθύμους εἰς τὰς ἐπιφερομένας χρείας,1,1
102,polybius,histories,δέχονται γε μὴν τῶν ἐν τοῖς παρ ἡμῖν τόποις περιττευόντων ἔλαιον καὶ πᾶν οἴνου γένος,1,1
103,polybius,histories,οἱ δὲ κατασταθέντες ἡτοίμασαν οἴνου κεράμια μύρια τριχὸς εἰργασμένης τάλαντα τριακόσια νεύρων εἰργασμένων ἑκατὸν τάλαντα πανοπλίας χιλίας χρυσοῦς ἐπισήμους τρισχιλίους ἔτι δὲ λιθοφόρους τέτταρας καὶ τοὺς ἀφέτας τούτοις,1,1
104,polybius,histories,παρατηρήσας οὖν ἔξοδον τοῦ βασιλέως εἰς Κάνωβον διέδωκε τοῖς φυλάττουσιν αὑτὸν φήμην ὡς ἀφίεσθαι μέλλων ὑπὸ τοῦ βασιλέως καὶ διὰ ταύτην τὴν αἰτίαν αὐτός τε τοὺς αὑτοῦ θεράποντας εἱστία καὶ τοῖς φυλάττουσιν ἱερεῖα καὶ στεφάνους ἅμα δὲ τούτοις οἶνον ἐξαπέστειλε,1,1
105,polybius,histories,παρὰ Ῥωμαίοις δέ  ὥς φησι Πολύβιος ἐν τῇ ἕκτῃ ἀπείρηται γυναιξὶ πίνειν οἶνον τὸ δὲ καλούμενον πάσσον πίνουσιν,1,1
106,polybius,histories,λαθεῖν δ ἐστὶν ἀδύνατον τὴν γυναῖκα πιοῦσαν οἶνον,1,1
107,polybius,histories,πρῶτον μὲν γὰρ οὐδ ἔχει οἴνου κυρείαν ἡ γυνή,1,1
108,polybius,histories,μετὰ δέ τινας ἡμέρας αὐτομόλου διασαφήσαντος ὅτι θυσίαν ἄγουσι πάνδημον οἱ κατὰ τὴν πόλιν ἐφ ἡμέρας ἤδη τρεῖς Ἀρτέμιδι καὶ τοῖς μὲν σιτίοις λιτοῖς χρῶνται διὰ τὴν σπάνιν τῷ δ οἴνῳ δαψιλεῖ πολὺν μὲν Ἐπικύδους δεδωκότος πολὺν δὲ Συρακοσίων τότε προσαναλαβὼν ὁ Μάρκος τὸ τεῖχος καθ ὃ μέρος ἦν ταπεινότερον καὶ νομίσας εἰκὸς εἶναι τοὺς ἀνθρώπους μεθύειν διὰ τὴν ἄνεσιν καὶ τὴν ἔνδειαν τῆς ξηρᾶς τροφῆς ἐπεβάλετο καταπειράζειν τῆς ἐλπίδος,1,1
109,polybius,histories,γίνεται δὲ καὶ οἶνος ἐξ αὐτοῦ βρεχομένου καὶ τριβομένου δι ὕδατος κατὰ μὲν τὴν γεῦσιν ἡδὺς καὶ ἀπολαυστικός οἰνομέλιτι χρηστῷ παραπλήσιος ᾧ χρῶνται χωρὶς ὕδατος,1,1
110,polybius,histories,ὁ μὲν γὰρ Τληπόλεμος ἐξιδιάζεσθαι σπεύδων τοὺς ἡγεμόνας καὶ ταξιάρχους καὶ τοὺς ἐπὶ τούτων ταττομένους συνῆγε πότους ἐπιμελῶς καὶ παρὰ τὰς συνουσίας τὰ μὲν ὑπὸ τῶν πρὸς χάριν λεγόντων αἰκαλλόμενος τὰ δ ὑπὸ τῆς ἰδίας ὁρμῆς ἅτε νέος ὢν καὶ παρὰ τὸν οἶνον γινομένης τῆς ὁμιλίας ἐρρίπτει λόγους κατὰ τῆς συγγενείας τῆς τῶν περὶ τὸν Ἀγαθοκλέα τὰς μὲν ἀρχὰς αἰνιγματώδεις εἶτ ἀμφιβόλους τὸ δὲ τελευταῖον ἐκφανεῖς καὶ τὴν πικροτάτην ἔχοντας λοιδορίαν,1,1
111,polybius,histories,τοῦ δ οἴνου δραχμῆς ὁ μετρητὴς καὶ ἔριφος ὁ μέτριος ὀβολοῦ καὶ λαγώς,1,1
112,polybius,histories,ὃν καὶ ἐζηλωκέναι λέγει τὴν τῶν Φαιάκων τρυφὴν πλὴν τοῦ τοὺς κρατῆρας ἐν μέσῳ τῆς οἰκίας ἑστάναι πλήρεις οἴνου κριθίνου ἀργυροῦς ὄντας καὶ χρυσοῦς,1,1
113,polybius,histories,De ItaliaΠολύβιος δὲ διάφορον οἶνον ἐν Καπύῃ φησὶ γίνεσθαι τὸν ἀναδενδρίτην καλούμενον ᾧ μηδένα συγκρίνεσθαι,1,1
114,theocritus,idylls,κἠγὼ τῆνο κατ ἆμαρ ἀνήτινον ἢ ῥοδόενταἢ καὶ λευκοΐων στέφανον περὶ κρατὶ φυλάσσωντὸν Πτελεατικὸν οἶνον ἀπὸ κρατῆρος ἀφυξῶπὰρ πυρὶ κεκλιμένος κύαμον δέ τις ἐν πυρὶ φρυξεῖ,0,0
115,thucydides,peloponnesianwar,ταύτης γὰρ ἦρχε τῆς χώρας δόντος βασιλέως αὐτῷ Μαγνησίαν μὲν ἄρτον ἣ προσέφερε πεντήκοντα τάλαντα τοῦ ἐνιαυτοῦ Λάμψακον δὲ οἶνον ἐδόκει γὰρ πολυοινότατον τῶν τότε εἶναι Μυοῦντα δὲ ὄψον,1,1
116,thucydides,peloponnesianwar,παρασκευασάντων δὲ τῶν Μυτιληναίων πρέσβεων τῇ νηὶ οἶνον καὶ ἄλφιτα καὶ μεγάλα ὑποσχομένων εἰ φθάσειαν ἐγένετο σπουδὴ τοῦ πλοῦ τοιαύτη ὥστε ἤσθιόν τε ἅμα ἐλαύνοντες οἴνῳ καὶ ἐλαίῳ ἄλφιτα πεφυραμένα καὶ οἱ μὲν ὕπνον ᾑροῦντο κατὰ μέρος οἱ δὲ ἤλαυνον,1,1
117,thucydides,peloponnesianwar,δεξαμένων δὲ τῶν στρατηγῶν τὸν λόγον ἐγίγνοντο σπονδαὶ τοιαίδε Λακεδαιμονίους μὲν τὰς ναῦς ἐν αἷς ἐναυμάχησαν καὶ τὰς ἐν τῇ Λακωνικῇ πάσας ὅσαι ἦσαν μακραί παραδοῦναι κομίσαντας ἐς Πύλον Ἀθηναίοις καὶ ὅπλα μὴ ἐπιφέρειν τῷ τειχίσματι μήτε κατὰ γῆν μήτε κατὰ θάλασσαν Ἀθηναίους δὲ τοῖς ἐν τῇ νήσῳ ἀνδράσι σῖτον ἐᾶν τοὺς ἐν τῇ ἠπείρῳ Λακεδαιμονίους ἐκπέμπειν τακτὸν καὶ μεμαγμένον δύο χοίνικας ἑκάστῳ Ἀττικὰς ἀλφίτων καὶ δύο κοτύλας οἴνου καὶ κρέας θεράποντι δὲ τούτων ἡμίσεα,1,1
118,thucydides,peloponnesianwar,αἴτιον δὲ ἦν οἱ Λακεδαιμόνιοι προειπόντες ἐς τὴν νῆσον ἐσάγειν σῖτόν τε τὸν βουλόμενον ἀληλεμένον καὶ οἶνον καὶ τυρὸν καὶ εἴ τι ἄλλο βρῶμα οἷ ἂν ἐς πολιορκίαν ξυμφέρῃ τάξαντες ἀργυρίου πολλοῦ καὶ τῶν Εἱλώτων τῷ ἐσαγαγόντι ἐλευθερίαν ὑπισχνούμενοι,1,1
119,thucydides,peloponnesianwar,μηνύεται οὖν ἀπὸ μετοίκων τέ τινων καὶ ἀκολούθων περὶ μὲν τῶν Ἑρμῶν οὐδέν ἄλλων δὲ ἀγαλμάτων περικοπαί τινες πρότερον ὑπὸ νεωτέρων μετὰ παιδιᾶς καὶ οἴνου γεγενημέναι καὶ τὰ μυστήρια ἅμα ὡς ποιεῖται ἐν οἰκίαις ἐφ ὕβρει,1,1
120,xenophon,anabasis,ἐνταῦθα ἦν παρὰ τὴν ὁδὸν κρήνη ἡ Μίδου καλουμένη τοῦ Φρυγῶν βασιλέως ἐφ ᾗ λέγεται Μίδας τὸν Σάτυρον θηρεῦσαι οἴνῳ κεράσας αὐτήν,1,1
121,xenophon,anabasis,ἐνταῦθα ἦσαν κῶμαι πολλαὶ μεσταὶ σίτου καὶ οἴνου,1,1
122,xenophon,anabasis,Κῦρος γὰρ ἔπεμπε βίκους οἴνου ἡμιδεεῖς πολλάκις ὁπότε πάνυ ἡδὺν λάβοι λέγων ὅτι οὔπω δὴ πολλοῦ χρόνου τούτου ἡδίονι οἴνῳ ἐπιτύχοι,1,1
123,xenophon,anabasis,καταλαμβάνουσι δὲ τῶν τε ἄλλων χρημάτων τὰ πλεῖστα διηρπασμένα καὶ εἴ τι σιτίον ἢ ποτὸν ἦν καὶ τὰς ἁμάξας μεστὰς ἀλεύρων καὶ οἴνου ἃς παρεσκευάσατο Κῦρος ἵνα εἴ ποτε σφόδρα τὸ στράτευμα λάβοι ἔνδεια διαδιδοίη τοῖς Ἕλλησιν ἦσαν δ αὗται τετρακόσιαι ὡς ἐλέγοντο ἅμαξαι καὶ ταύτας τότε οἱ σὺν βασιλεῖ διήρπασαν,1,1
124,xenophon,anabasis,ἐνῆν δὲ σῖτος πολὺς καὶ οἶνος φοινίκων καὶ ὄξος ἑψητὸν ἀπὸ τῶν αὐτῶν,1,1
125,xenophon,anabasis,ἐν δὲ τῷ πρώτῳ σταθμῷ πέραν τοῦ ποταμοῦ πόλις ᾠκεῖτο μεγάλη καὶ εὐδαίμων ὄνομα Καιναί ἐξ ἧς οἱ βάρβαροι διῆγον ἐπὶ σχεδίαις διφθερίναις ἄρτους τυρούς οἶνον,1,1
126,xenophon,anabasis,ἐνταῦθα ἔμειναν ἡμέρας τρεῖς καὶ τῶν τετρωμένων ἕνεκα καὶ ἅμα ἐπιτήδεια πολλὰ εἶχον ἄλευρα οἶνον κριθὰς ἵπποις συμβεβλημένας πολλάς,1,1
127,xenophon,anabasis,καὶ γὰρ οἶνος πολὺς ἦν ὥστε ἐν λάκκοις κονιατοῖς εἶχον,1,1
128,xenophon,anabasis,ἐνταῦθα εἶχον τὰ ἐπιτήδεια ὅσα ἐστὶν ἀγαθά ἱερεῖα σῖτον οἴνους παλαιοὺς εὐώδεις ἀσταφίδας ὄσπρια παντοδαπά,1,1
129,xenophon,anabasis,ἦσαν δὲ καὶ πυροὶ καὶ κριθαὶ καὶ ὄσπρια καὶ οἶνος κρίθινος ἐν κρατῆρσιν,1,1
130,xenophon,anabasis,ὁ δὲ ταῦτα ὑπισχνεῖτο καὶ φιλοφρονούμενος οἶνον ἔφρασεν ἔνθα ἦν κατορωρυγμένος,1,1
131,xenophon,anabasis,ἀγορὰν δὲ παρεῖχον τῷ στρατοπέδῳ Τραπεζούντιοι καὶ ἐδέξαντό τε τοὺς Ἕλληνας καὶ ξένια ἔδοσαν βοῦς καὶ ἄλφιτα καὶ οἶνον,1,1
132,xenophon,anabasis,παρεῖχε δὲ ἡ θεὸς τοῖς σκηνοῦσιν ἄλφιτα ἄρτους οἶνον τραγήματα καὶ τῶν θυομένων ἀπὸ τῆς ἱερᾶς νομῆς λάχος καὶ τῶν θηρευομένων δέ,1,1
133,xenophon,anabasis,οἶνος δὲ ηὑρίσκετο ὃς ἄκρατος μὲν ὀξὺς ἐφαίνετο εἶναι ὑπὸ τῆς αὐστηρότητος κερασθεὶς δὲ εὐώδης τε καὶ ἡδύς,1,1
134,xenophon,anabasis,ἀλλὰ μὴν χειμῶνός γε ὄντος οἵου λέγεις σίτου δὲ ἐπιλελοιπότος οἴνου δὲ μηδ ὀσφραίνεσθαι παρόν ὑπὸ δὲ πόνων πολλῶν ἀπαγορευόντων πολεμίων δὲ ἑπομένων εἰ ἐν τοιούτῳ καιρῷ ὕβριζον ὁμολογῶ καὶ τῶν ὄνων ὑβριστότερος εἶναι οἷς φασιν ὑπὸ τῆς ὕβρεως κόπον οὐκ ἐγγίγνεσθαι,1,1
135,xenophon,anabasis,εἰ δὲ ὕβρει νομίζετέ με ταῦτα πράττειν ἐνθυμήθητε ὅτι νῦν ἐγὼ θαρρῶ σὺν τοῖς θεοῖς μᾶλλον ἢ τότε καὶ θρασύτερός εἰμι νῦν ἢ τότε καὶ οἶνον πλείω πίνω ἀλλ ὅμως οὐδένα παίω,1,1
136,xenophon,anabasis,οὗτοι δὲ ξένια πέμπουσι τοῖς Ἕλλησιν ἀλφίτων μεδίμνους τρισχιλίους οἴνου δὲ κεράμια χίλια καὶ πεντακόσια,1,1
137,xenophon,anabasis,ἐνταῦθα τοῖς Ἕλλησιν οἱ Ἡρακλεῶται ξένια πέμπουσιν ἀλφίτων μεδίμνους τρισχιλίους καὶ οἴνου κεράμια δισχίλια καὶ βοῦς εἴκοσι καὶ οἶς ἑκατόν,1,1
138,xenophon,anabasis,καὶ πλοῖον ἐξ Ἡρακλείας ἧκεν ἄλφιτα ἄγον καὶ ἱερεῖα καὶ οἶνον,1,1
139,xenophon,anabasis,οἱ δὲ Ἕλληνες προσέμενον μὲν Κλέανδρον καὶ τὰς τριήρεις καὶ τὰ πλοῖα ὡς ἥξοντα ἐξιόντες δ ἑκάστης ἡμέρας σὺν τοῖς ὑποζυγίοις καὶ τοῖς ἀνδραπόδοις ἐφέροντο ἀδεῶς πυροὺς καὶ κριθάς οἶνον ὄσπρια μελίνας σῦκα,1,1
140,xenophon,anabasis,τῇ δ ὑστεραίᾳ Κοιρατάδας μὲν ἔχων τὰ ἱερεῖα καὶ τὸν μάντιν ἧκε καὶ ἄλφιτα φέροντες εἵποντο αὐτῷ εἴκοσιν ἄνδρες καὶ οἶνον ἄλλοι εἴκοσι καὶ ἐλαῶν τρεῖς καὶ σκορόδων ἀνὴρ ὅσον ἐδύνατο μέγιστον φορτίον καὶ ἄλλος κρομμύων,1,1
141,xenophon,anabasis,ἐπειδὴ δ ἔνδον ἦσαν ἠσπάζοντο μὲν πρῶτον ἀλλήλους καὶ κατὰ τὸν Θρᾴκιον νόμον κέρατα οἴνου προύπινον,1,1
142,xenophon,anabasis,κέρατα δὲ οἴνου περιέφερον καὶ πάντες ἐδέχοντο,1,1
143,xenophon,anabasis,ἦν δὲ χιὼν πολλὴ καὶ ψῦχος οὕτως ὥστε τὸ ὕδωρ ὃ ἐφέροντο ἐπὶ δεῖπνον ἐπήγνυτο καὶ ὁ οἶνος ὁ ἐν τοῖς ἀγγείοις καὶ τῶν Ἑλλήνων πολλῶν καὶ ῥῖνες ἀπεκαίοντο καὶ ὦτα,1,1
144,xenophon,cyropaedia,τά τε γὰρ ἄλλα φάναι σοῦ κάλλιον οἰνοχοήσω καὶ οὐκ ἐκπίομαι αὐτὸς τὸν οἶνον,1,1
145,xenophon,cyropaedia,ἐκ τούτου δὴ ὁ Ἀστυάγης ἐπισκώπτων καὶ τί δή ἔφη ὦ Κῦρε τἆλλα μιμούμενος τὸν Σάκαν οὐ κατερρόφησας τοῦ οἴνου,1,1
146,xenophon,cyropaedia,ὄψον δὲ οὐκ ἔπεμπον οὐδ οἶνον οἰόμενοι ἔχειν τοὺς ἀμφὶ Κῦρον ἔτι ἄφθονα ταῦτα,1,1
147,xenophon,cyropaedia,οἱ γὰρ οἰκέται τῶν Μήδων ἅτε τῶν δεσποτῶν ἀπεληλυθότων ἀνειμένως ἔπινον καὶ ἐθορύβουν ἄλλως τε καὶ ἐκ τοῦ Ἀσσυρίου στρατεύματος καὶ οἶνον καὶ ἄλλα πολλὰ εἰληφότες,1,1
148,xenophon,cyropaedia,ὁ μὲν δὴ Κῦρος ἐν φροντίδι ἦν ὅ τι ποτ εἴη ταῦτα ὁ δὲ Γωβρύας αὐτός τε ἐξῄει πρὸς αὐτὸν καὶ τοὺς ἔνδοθεν πάντας ἐξῆγε φέροντας οἶνον ἄλφιτα ἄλευρα ἄλλους δ ἐλαύνοντας βοῦς αἶγας οἶς σῦς καὶ εἴ τι βρωτόν πάντα ἱκανὰ προσῆγον ὡς δειπνῆσαι πᾶσαν τὴν σὺν Κύρῳ στρατιάν,1,1
149,xenophon,cyropaedia,ἀλλὰ γὰρ ἐπειδὴ οὐ περὶ Συρίας μόνον ἀγωνιούμεθα ὅπου σῖτος πολὺς καὶ πρόβατά ἐστι καὶ φοίνικες οἱ καρποφόροι ἀλλὰ καὶ περὶ Λυδίας ἔνθα πολὺς μὲν οἶνος πολλὰ δὲ σῦκα πολὺ δὲ ἔλαιον θάλαττα δὲ προσκλύζει καθ ἣν πλείω ἔρχεται ἢ ὅσα τις ἑώρακεν ἀγαθά ταῦτα ἔφη ἐννοούμενοι οὐκέτι ἀχθόμεθα ἀλλὰ θαρροῦμεν ὡς μάλιστα ἵνα θᾶττον καὶ τούτων τῶν Λυδίων ἀγαθῶν ἀπολαύωμεν,1,1
150,xenophon,cyropaedia,οἶνον δὲ τοσοῦτον ἕκαστον ἔχειν χρὴ ὅσος ἱκανὸς ἔσται ἐθίσαι ἡμᾶς αὐτοὺς ὑδροποτεῖν,1,1
151,xenophon,cyropaedia,πολλὴ γὰρ ἔσται τῆς ὁδοῦ ἄοινος εἰς ἣν οὐδ ἂν πάνυ πολὺν οἶνον συσκευασώμεθα διαρκέσει,1,1
152,xenophon,cyropaedia,μετὰ δὲ τὸν σῖτον ἐὰν οἶνον ἐπιπίνωμεν οὐδὲν μεῖον ἔχουσα ἡ ψυχὴ ἀναπαύσεται,1,1
153,xenophon,cyropaedia,ἐπεὶ δὲ Ἀρταξέρξης ὁ βασιλεὺς καὶ οἱ σὺν αὐτῷ ἥττους τοῦ οἴνου ἐγένοντο οὐκέτι ὁμοίως οὔτ αὐτοὶ ἐξῇσαν οὔτε τοὺς ἄλλους ἐξῆγον ἐπὶ τὰς θήρας,1,1
154,xenophon,hellenica,προσβαλόντες δὲ τῇ πόλει αἱροῦσι κατὰ κράτος καὶ διήρπασαν οἱ στρατιῶται οὖσαν πλουσίαν καὶ οἴνου καὶ σίτου καὶ τῶν ἄλλων ἐπιτηδείων πλήρη,1,1
155,xenophon,hellenica,ἐπεὶ μέντοι ἐπανῆλθον οἱ Ὀδρύσαι θάψαντες τοὺς ἑαυτῶν καὶ πολὺν οἶνον ἐκπιόντες ἐπ αὐτοῖς καὶ ἱπποδρομίαν ποιήσαντες ὁμοῦ δὴ τὸ λοιπὸν τοῖς Ἕλλησι στρατοπεδευσάμενοι ἦγον καὶ ἔκαον τὴν Βιθυνίδα,1,1
156,xenophon,hellenica,ἔνθεν οἱ μὲν ταχὺ ἐκέλευον πάντας ἐξιέναι ὁ δὲ Φιλλίδας δοὺς οἶνον εἰς ἑνὸς τῶν διακόνων ἐξέπεμψεν αὐτούς,1,1
157,xenophon,hellenica,τέλος δὲ καὶ οὗτοι μάλα τεταραγμένοι ἀναβάντες ἐπὶ τὰς τριήρεις ἀπέπλεον πολὺν μὲν σῖτον πολὺν δὲ οἶνον πολλὰ δὲ ἀνδράποδα καὶ ἀσθενοῦντας στρατιώτας καταλιπόντες,1,1
158,xenophon,hellenica,ἐν δὲ τῇ μεσημβρίᾳ ὑποπινόντων καὶ τὸν οἶνον παροξῦναί τι αὐτοὺς ἔλεγον,1,1
